"","species","count","mean_length","min_length","max_length","mean_weight","min_weight","max_weight","a","a_2.5","a_97.5","b","b_2.5","b_97.5","Adj R2","p-value_a","p-value_b"
"ab_row_temp","Allegheny Pearl Dace","29","83.3448275862069","58","100","5.86551724137931","1.9","9.1","7.58538718762417e-06","1.868706906431e-06","3.07903281077199e-05","3.05360653679848","2.73639848726359","3.37081458633337","0.93287628784486","4.07828086789633e-16","1.39746424180179e-17"
"ab_row_temp","Banded Killifish","140","63.1214285714286","35","96","2.85442857142857","0.49","9.3","7.85954167932724e-06","4.16457620312719e-06","1.4832816689174e-05","3.05668115466741","2.90288561297695","3.21047669635788","0.917379877960661","6.53807675625563e-73","8.16732641272695e-77"
"ab_row_temp","Blacknose Dace","1700","56.8823529411765","23","92","1.90317058823529","0.12","7.5","7.58908825312949e-06","6.61200508788767e-06","8.71055901322479e-06","3.04552047054787","3.01127953801432","3.07976140308143","0.947123022322753","0","0"
"ab_row_temp","Bluegill","121","83.7851239669422","42","159","15.1633884297521","1.01","86.8","5.57137396061626e-06","4.42062135972847e-06","7.02168434777221e-06","3.24042600985266","3.18745783426802","3.29339418543729","0.99188805272439","1.89627296842416e-118","1.7445508657612e-126"
"ab_row_temp","Bluntnose Minnow","116","60.0172413793103","34","90","2.55241379310345","0.3","7.6","8.91465551602807e-06","3.85783190436878e-06","2.05999340923727e-05","3.02724800572026","2.8216541061306","3.23284190530992","0.880807614987788","3.84360627842026e-52","1.0698030157896e-54"
"ab_row_temp","Central Stoneroller","309","79.546925566343","48","161","5.84941747572816","0.8","46.62","5.65526630709109e-06","3.99680476038816e-06","8.00190124899011e-06","3.10963770786046","3.02990755243515","3.18936786328578","0.950297034819942","4.62804392192128e-188","2.22262360887749e-202"
"ab_row_temp","Common Shiner","177","79.683615819209","32","155","6.64728813559322","0.3","45.9","4.51118775381247e-06","3.39900256688196e-06","5.98729025639313e-06","3.16723645293847","3.10203510604571","3.23243779983122","0.981209001928302","6.05953137385765e-145","3.45089742916102e-153"
"ab_row_temp","Creek Chub","1039","76.2127045235804","30","228","7.65826756496631","0.1","146.8","8.48715817080643e-06","7.30412232173321e-06","9.86180825613471e-06","3.05491052337632","3.01985351295276","3.08996753379988","0.965715057599987","0","0"
"ab_row_temp","Cutlip Minnow","234","70.8376068376068","35","187","5.4082905982906","0.44","31.7","1.07233111759657e-05","6.36353846990074e-06","1.80700412389248e-05","3.01142651307242","2.88784094555532","3.13501208058952","0.9081548652748","6.25075367172337e-113","1.72663574724248e-122"
"ab_row_temp","Fallfish","79","96.5189873417721","44","236","12.3316455696203","0.7","114.3","8.98258051680455e-06","6.85170134770359e-06","1.17761631230351e-05","3.0020974020896","2.94235915132967","3.06183565284953","0.992270171442685","4.70389282099526e-78","2.7396568197162e-83"
"ab_row_temp","Fantail Darter","16","66.375","53","75","2.538125","1.25","3.8","0.000113289710140841","2.16672495520342e-06","0.005923482993526","2.38215936637781","1.43834679592489","3.32597193683073","0.653617836806954","0.000223653089344167","9.13818015906848e-05"
"ab_row_temp","Fathead Minnow","38","64.2894736842105","48","74","2.91342105263158","1.42","4.69","9.62227949826025e-06","7.40504560176281e-07","0.000125034021020206","3.02144058418476","2.40498071783626","3.63790045053326","0.725536759249015","6.5729576068447e-11","7.28937237711718e-12"
"ab_row_temp","Green Sunfish","99","83.0909090909091","39","167","16.8962626262626","0.71","87.9","1.16121705934509e-05","7.32355317520583e-06","1.84121699761695e-05","3.10793394461001","3.00232206285278","3.21354582636724","0.972066115968368","3.55967484260984e-70","2.16138644124939e-77"
"ab_row_temp","Largemouth Bass","49","92.1020408163265","31","217","19.7908163265306","0.4","135.7","1.11814027470345e-05","7.26900945844787e-06","1.71995604223753e-05","3.00763858296613","2.91012282910461","3.10515433682765","0.987682410540727","1.12700843321786e-43","9.51903980967498e-47"
"ab_row_temp","Longnose Dace","859","73.4621653084983","33","154","4.43754365541327","0.2","38","4.73671644365452e-06","4.05586923991048e-06","5.53185552601355e-06","3.15015341819791","3.11383595322493","3.18647088317089","0.97124747010269","0","0"
"ab_row_temp","Margined Madtom","28","98.3928571428571","47","136","12.7239285714286","1","38.9","1.57107927183941e-05","2.65749359045544e-06","9.28803774830723e-05","2.92560261231591","2.53593451453594","3.31527071009588","0.897793366296945","9.98047779239129e-13","1.32205972632242e-14"
"ab_row_temp","Rock Bass","10","77.4","38","116","14.132","1","38.5","9.23520771282695e-06","4.30236683190158e-06","1.98237539548346e-05","3.18313316658086","3.00523318986406","3.36103314329766","0.994738270564944","4.86233316253361e-10","1.31091987533851e-10"
"ab_row_temp","Rosyside Dace","79","46.2784810126582","31","70","0.948101265822785","0.3","3.1","3.19288515104417e-05","1.02539366613954e-05","9.94205047719793e-05","2.66749794114607","2.3706463426645","2.96434953962763","0.803611368808511","1.54435357919243e-29","3.73250007745336e-29"
"ab_row_temp","Sculpin spp.","1701","71.3280423280423","12","131","4.65909229864785","0.01","28.8","7.62496392125885e-06","6.74573651349253e-06","8.61878827970968e-06","3.08904122058781","3.06021057908375","3.11787186209187","0.962931897368739","0","0"
"ab_row_temp","Swallowtail Shiner","25","70.76","42","96","3.4712","0.73","7.7","1.30018770490103e-05","3.17305737107152e-06","5.32763158771677e-05","2.91102871228023","2.57874860262814","3.24330882193233","0.931710342453548","3.05159057180506e-14","4.09607774433978e-15"
"ab_row_temp","Tessellated Darter","398","57.3190954773869","30","85","1.93977386934673","0.3","5.41","1.4230850435359e-05","9.62513863794853e-06","2.10404350244997e-05","2.89870929765417","2.80186255555022","2.99555603975812","0.897111219656218","1.4705256529031e-190","7.2144290985283e-198"
"ab_row_temp","White Sucker","385","133.005194805195","43","370","47.6594805194805","0.5","525.4","8.67193942380651e-06","6.81034834730695e-06","1.10423915980608e-05","3.03450764346067","2.9841604014462","3.08485488547514","0.973382021928727","4.52408853318097e-268","6.60738497886186e-304"
